phid,name,division,state,party,ceased_date,house
317036,Warwick Stacey,,NSW,PHON,2025-08-19,senate
250216,Linda Reynolds,,WA,LIB,2025-06-30,senate
273828,Hollie Hughes,,NSW,LIB,2025-06-30,senate
281697,Perin Davey,,NSW,NP ,2025-06-30,senate
283596,Gerard Rennick,,Qld,GRPF,2025-06-30,senate
283601,David Van,,Vic,IND,2025-06-30,senate
DYU,David Fawcett,,SA,LIB,2025-06-30,senate
HZB,Catryna Bilyk,,Tas,ALP,2025-06-30,senate
I0T,Louise Pratt,,WA,ALP,2025-06-30,senate
008CH,Zoe Daniel,Goldstein,Vic,IND,2025-05-03,reps
00AKI,Peter Dutton,Dickson,Qld,LIB,2025-05-03,reps
176304,James Stevens,Sturt,SA,LIB,2025-05-03,reps
188315,Bert Van Manen,Forde,Qld,LIB,2025-05-03,reps
235654,Keith Wolahan,Menzies,Vic,LIB,2025-05-03,reps
241067,David Coleman,Banks,NSW,LIB,2025-05-03,reps
242515,Michael Sukkar,Deakin,Vic,LIB,2025-05-03,reps
247742,Luke Howarth,Petrie,Qld,LIB,2025-05-03,reps
282237,Bridget Archer,Bass,Tas,LIB,2025-05-03,reps
300121,Max Chandler-mather,Griffith,Qld,GRN,2025-05-03,reps
300123,Jenny Ware,Hughes,NSW,LIB,2025-05-03,reps
300246,Stephen Bates,Brisbane,Qld,GRN,2025-05-03,reps
74046,Ian Goodenough,Moore,WA,IND,2025-05-03,reps
E0D,Ross Vasta,Bonner,Qld,LIB,2025-05-03,reps
M3C,Adam Bandt,Melbourne,Vic,GRN,2025-05-03,reps
MT4,Russell Broadbent,Monash,Vic,IND,2025-05-03,reps
00AMT,Maria Vamvakinou,Calwell,Vic,ALP,2025-03-28,reps
00AN3,Brendan O'connor,Gorton,Vic,ALP,2025-03-28,reps
129164,Brian Mitchell,Lyons,Tas,ALP,2025-03-28,reps
230886,Karen Andrews,McPherson,Qld,LIB,2025-03-28,reps
282306,Gavin Pearce,Braddon,Tas,LIB,2025-03-28,reps
300124,Kylea Tink,North Sydney,NSW,IND,2025-03-28,reps
72184,David Gillespie,Lyne,NSW,NP ,2025-03-28,reps
7K6,Warren Entsch,Leichhardt,Qld,LIB,2025-03-28,reps
8GH,Linda Burney,Barton,NSW,ALP,2025-03-28,reps
A9B,Stephen Jones,Whitlam,NSW,ALP,2025-03-28,reps
HVP,Graham Perrett,Moreton,Qld,ALP,2025-03-28,reps
HWN,Mark Coulton,Parkes,NSW,NP ,2025-03-28,reps
HWP,Nola Marino,Forrest,WA,LIB,2025-03-28,reps
HWS,Rowan Ramsey,Grey,SA,LIB,2025-03-28,reps
L6B,Paul Fletcher,Bradfield,NSW,LIB,2025-03-28,reps
H6X,Simon Birmingham,,SA,LIB,2025-01-28,senate
00ATG,Bill Shorten,Maribyrnong,Vic,ALP,2025-01-20,reps
148150,Keith Pitt,Hinkler,Qld,NP ,2025-01-19,reps
155410,Janet Rice,,Vic,GRN,2024-04-19,senate
IWK,Linda White,,Vic,ALP,2024-02-29,senate
E3L,Scott Morrison,Cook,NSW,LIB,2024-02-28,reps
SR5,Pat Dodson,,WA,ALP,2024-01-26,senate
133646,Peta Murphy,Dunkley,Vic,ALP,2023-12-04,reps
M56,Marise Payne,,NSW,LIB,2023-09-30,senate
HWT,Stuart Robert,Fadden,Qld,LIB,2023-05-18,reps
M2Y,Alan Tudge,Aston,Vic,LIB,2023-02-17,reps
FAB,Jim Molan,,NSW,LIB,2023-01-16,senate
144292,Rex Patrick,,SA,IND,2022-06-30,senate
237920,Amanda Stoker,,Qld,LIB,2022-06-30,senate
286349,Greg Mirabella,,Vic,LIB,2022-06-30,senate
76760,Stirling Griff,,SA,CA,2022-06-30,senate
AW5,Kim Carr,,Vic,ALP,2022-06-30,senate
E4T,Connie Fierravanti-wells,,NSW,LIB,2022-06-30,senate
N26,Eric Abetz,,Tas,LIB,2022-06-30,senate
203092,Trent Zimmerman,North Sydney,NSW,LIB,2022-05-21,reps
241590,Lucy Wicks,Robertson,NSW,LIB,2022-05-21,reps
248006,Terri Butler,Griffith,Qld,ALP,2022-05-21,reps
265931,Ben Morton,Tangney,WA,LIB,2022-05-21,reps
282728,Sam Mcmahon,,NT,LDP,2022-05-21,senate
282918,Gladys Liu,Chisholm,Vic,LIB,2022-05-21,reps
282982,Fiona Martin,Reid,NSW,LIB,2022-05-21,reps
282983,Julian Simmonds,Ryan,Qld,LIB,2022-05-21,reps
282986,Katie Allen,Higgins,Vic,LIB,2022-05-21,reps
61378,Trevor Evans,Brisbane,Qld,LIB,2022-05-21,reps
80072,Celia Hammond,Curtin,WA,LIB,2022-05-21,reps
99931,Craig Kelly,Hughes,NSW,UAP [2018],2022-05-21,reps
FKL,Josh Frydenberg,Kooyong,Vic,LIB,2022-05-21,reps
G86,Jason Falinski,Mackellar,NSW,LIB,2022-05-21,reps
HZE,Zed Seselja,,ACT,LIB,2022-05-21,senate
M3A,Ken Wyatt,Hasluck,WA,LIB,2022-05-21,reps
LNW,Kristina Keneally,,NSW,ALP,2022-04-13,senate
008K0,Anthony Byrne,Holt,Vic,ALP,2022-04-11,reps
00AMV,Greg Hunt,Flinders,Vic,LIB,2022-04-11,reps
00APG,Tony Smith,Casey,Vic,LIB,2022-04-11,reps
139441,Ken O'dowd,Flynn,Qld,NP ,2022-04-11,reps
208884,Christian Porter,Pearce,WA,LIB,2022-04-11,reps
230485,George Christensen,Dawson,Qld,NP ,2022-04-11,reps
245550,Nicolle Flint,Boothby,SA,LIB,2022-04-11,reps
282984,Vince Connelly,Stirling,WA,LIB,2022-04-11,reps
56430,Damian Drum,Nicholls,Vic,NP ,2022-04-11,reps
8K6,Joel Fitzgibbon,Hunter,NSW,ALP,2022-04-11,reps
DZP,Sharon Bird,Cunningham,NSW,ALP,2022-04-11,reps
E09,Julie Owens,Parramatta,NSW,ALP,2022-04-11,reps
E0H,Andrew Laming,Bowman,Qld,LIB,2022-04-11,reps
ECV,Chris Hayes,Fowler,NSW,ALP,2022-04-11,reps
HK5,Kevin Andrews,Menzies,Vic,LIB,2022-04-11,reps
HYM,Steve Irons,Swan,WA,LIB,2022-04-11,reps
IJ4,Warren Snowdon,Lingiari,NT,ALP,2022-04-11,reps
M3M,John Alexander,Bennelong,NSW,LIB,2022-04-11,reps
247512,Kimberley Kitching,,Vic,ALP,2022-03-10,senate
HW9,Nick Champion,Spence,SA,ALP,2022-02-22,reps
I0Q,Scott Ryan,,Vic,LIB,2021-10-13,senate
E5Z,Rachel Siewert,,WA,GRN,2021-09-06,senate
204953,Alex Gallacher,,SA,ALP,2021-08-29,senate
HDA,Mathias Cormann,,WA,LIB,2020-11-06,senate
125865,John Mcveigh,Groom,Qld,LIB,2020-09-18,reps
53369,Richard Di Natale,,Vic,GRN,2020-08-26,senate
HRI,Mike Kelly,Eden-Monaro,NSW,ALP,2020-04-30,reps
G0D,Cory Bernardi,,SA,IND,2020-01-20,senate
BV7,Arthur Sinodinos,,NSW,LIB,2019-11-11,senate
D2I,Mitch Fifield,,Vic,LIB,2019-08-16,senate
00AOP,Gavin Marshall,,Vic,ALP,2019-06-30,senate
00AOQ,Claire Moore,,Qld,ALP,2019-06-30,senate
207807,Brian Burston,,NSW,UAP [2018],2019-06-30,senate
244247,Chris Ketter,,Qld,ALP,2019-06-30,senate
244276,Duncan Spender,,NSW,LDP,2019-06-30,senate
247871,Barry O'sullivan,,Qld,NP ,2019-06-30,senate
269583,Peter Georgiou,,WA,PHON,2019-06-30,senate
270552,Lucy Gichuhi,,SA,LIB,2019-06-30,senate
273829,Fraser Anning,,Qld,IND,2019-06-30,senate
275266,Steven Martin,,Tas,NP ,2019-06-30,senate
275424,Tim Storer,,SA,IND,2019-06-30,senate
2O4,Derryn Hinch,,Vic,DHJP,2019-06-30,senate
AI6,Douglas Cameron,,NSW,ALP,2019-06-30,senate
I0V,John Williams,,NSW,NP ,2019-06-30,senate
M0R,Lisa Singh,,Tas,ALP,2019-06-30,senate
YW4,Ian Macdonald,,Qld,LIB,2019-06-30,senate
008Z0,Kerryn Phelps,Wentworth,NSW,IND,2019-05-18,reps
00AOM,Nigel Scullion,,NT,NP ,2019-05-18,senate
18661,Julia Banks,Chisholm,Vic,IND,2019-05-18,reps
248969,Chris Crewther,Dunkley,Vic,LIB,2019-05-18,reps
249908,Cathy O'toole,Herbert,Qld,ALP,2019-05-18,reps
262273,Justine Keay,Braddon,Tas,ALP,2019-05-18,reps
263070,Ross Hart,Bass,Tas,ALP,2019-05-18,reps
265975,Susan Lamb,Longman,Qld,ALP,2019-05-18,reps
EZ5,Tony Abbott,Warringah,NSW,LIB,2019-05-18,reps
00AMM,Luke Hartsuyker,Cowper,NSW,NP ,2019-04-11,reps
00AN0,Steven Ciobo,Moncrieff,Qld,LIB,2019-04-11,reps
123674,Cathy Mcgowan,Indi,Vic,IND,2019-04-11,reps
217266,Jane Prentice,Ryan,Qld,LIB,2019-04-11,reps
241586,Ann Sudmalis,Gilmore,NSW,LIB,2019-04-11,reps
247130,Craig Laundy,Reid,NSW,LIB,2019-04-11,reps
263328,Emma Husar,Lindsay,NSW,ALP,2019-04-11,reps
2V5,Wayne Swan,Lilley,Qld,ALP,2019-04-11,reps
30379,Andrew Broad,Mallee,Vic,NP ,2019-04-11,reps
30540,Gai Brodtmann,Canberra,ACT,ALP,2019-04-11,reps
83P,Julie Bishop,Curtin,WA,LIB,2019-04-11,reps
9V5,Christopher Pyne,Sturt,SA,LIB,2019-04-11,reps
DZU,Kate Ellis,Adelaide,SA,ALP,2019-04-11,reps
E0J,Michael Keenan,Stirling,WA,LIB,2019-04-11,reps
LKU,Kelly O'dwyer,Higgins,Vic,LIB,2019-04-11,reps
PG6,Jenny Macklin,Jagajaga,Vic,ALP,2019-04-11,reps
WF6,Michael Danby,Melbourne Ports,Vic,ALP,2019-04-11,reps
111206,David Leyonhjelm,,NSW,LDP,2019-03-01,senate
GB6,Jacinta Collins,,Vic,ALP,2019-02-15,senate
HLL,David Bushby,,Tas,LIB,2019-01-21,senate
885,Malcolm Turnbull,Wentworth,NSW,LIB,2018-08-31,reps
DT6,Andrew Bartlett,,Qld,GRN,2018-08-27,senate
CPR,Lee Rhiannon,,NSW,GRN,2018-08-15,senate
80109,Tim Hammond,Perth,WA,ALP,2018-05-10,reps
008W7,George Brandis,,Qld,LIB,2018-02-07,senate
I0O,David Feeney,,Vic,ALP,2018-02-01,senate
225099,Sam Dastyari,,NSW,ALP,2018-01-25,senate
265982,Skye Kakoschke-moore,,SA,XEN,2017-11-22,senate
E5V,Stephen Parry,,Tas,LIB,2017-11-02,senate
8IV,Nick Xenophon,,SA,XEN,2017-10-31,senate
E5G,Fiona Nash,,NSW,NP ,2017-10-27,senate
J7Q,Chris Back,,WA,LIB,2017-07-31,senate
I07,Scott Ludlam,,WA,GRN,2017-07-14,senate
266482,Rodney Culleton,,WA,IND,2017-01-11,senate
HYG,Bob Day,,SA,FFP,2016-11-01,senate
3L6,Stephen Conroy,,Vic,ALP,2016-09-30,senate
00AON,David Johnston,,WA,LIB,2016-07-02,senate
00BCM,Peter Hendy,Eden-Monaro,NSW,LIB,2016-07-02,reps
108616,Glenn Lazarus,,Qld,GLT,2016-07-02,senate
137174,Andrew Nikolic,Bass,Tas,LIB,2016-07-02,reps
165476,Fiona Scott,Lindsay,NSW,LIB,2016-07-02,reps
170166,Robert Simms,,SA,GRN,2016-07-02,senate
207800,Brett Whiteley,Braddon,Tas,LIB,2016-07-02,reps
212585,Eric Hutchinson,Lyons,Tas,LIB,2016-07-02,reps
217571,John Madigan,,Vic,IND,2016-07-02,senate
220370,Natasha Griggs,Solomon,NT,LIB,2016-07-02,reps
241589,Karen Mcnamara,Dobell,NSW,LIB,2016-07-02,reps
249758,Matt Williams,Hindmarsh,SA,LIB,2016-07-02,reps
250024,Ricky Muir,,Vic,AMEP ,2016-07-02,senate
250045,Dio Wang,,WA,PUP ,2016-07-02,senate
250077,Nickolas Varvaris,Barton,NSW,LIB,2016-07-02,reps
258337,Joanna Lindgren,,Qld,LIB,2016-07-02,senate
96430,Ewen Jones,Herbert,Qld,LIB,2016-07-02,reps
DYN,Dennis Jensen,Tangney,WA,IND,2016-07-02,reps
E07,Louise Markus,Macquarie,NSW,LIB,2016-07-02,reps
E5E,Anne Mcewen,,SA,ALP,2016-07-02,senate
HWE,Luke Simpkins,Cowan,WA,LIB,2016-07-02,reps
IYU,Jamie Briggs,Mayo,SA,LIB,2016-07-02,reps
M2V,Russell Matheson,Macarthur,NSW,LIB,2016-07-02,reps
M2X,Wyatt Roy,Longman,Qld,LIB,2016-07-02,reps
225307,Sean Edwards,,SA,LIB,2016-07-01,senate
00AN1,John Cobb,Calare,NSW,NP ,2016-05-09,reps
0J4,Philip Ruddock,Berowra,NSW,LIB,2016-05-09,reps
1K6,Bruce Billson,Dunkley,Vic,LIB,2016-05-09,reps
2K6,Mal Brough,Fisher,Qld,LIB,2016-05-09,reps
83E,Bernie Ripoll,Oxley,Qld,ALP,2016-05-09,reps
83N,Jill Hall,Shortland,NSW,ALP,2016-05-09,reps
83S,Anna Burke,Chisholm,Vic,ALP,2016-05-09,reps
84L,Jan Mclucas,,Qld,ALP,2016-05-09,senate
84N,Joe Ludwig,,Qld,ALP,2016-05-09,senate
8T4,Laurie Ferguson,Werriwa,NSW,ALP,2016-05-09,reps
8W5,Gary Gray,Brand,WA,ALP,2016-05-09,reps
9K6,Teresa Gambaro,Brisbane,Qld,LIB,2016-05-09,reps
C16,Bill Heffernan,,NSW,LIB,2016-05-09,senate
CDK,Nova Peris,,NT,ALP,2016-05-09,senate
EM6,Sharman Stone,Murray,Vic,LIB,2016-05-09,reps
FU4,Andrew Robb,Goldstein,Vic,LIB,2016-05-09,reps
GT4,Warren Truss,Wide Bay,Qld,NP ,2016-05-09,reps
HWR,Melissa Parke,Fremantle,WA,ALP,2016-05-09,reps
L6P,Alannah Mactiernan,Perth,WA,ALP,2016-05-09,reps
LL6,Bob Baldwin,Paterson,NSW,LIB,2016-05-09,reps
LQR,Clive Palmer,Fairfax,Qld,PUP ,2016-05-09,reps
SE4,Bronwyn Bishop,,NSW,LIB,2016-05-09,senate
TK6,Andrew Southcott,Boothby,SA,LIB,2016-05-09,reps
UK6,Kelvin Thomson,Wills,Vic,ALP,2016-05-09,reps
VU5,Alan Griffin,Bruce,Vic,ALP,2016-05-09,reps
WN6,Ian Macfarlane,Groom,Qld,LIB,2016-05-09,reps
YT4,Bruce Scott,Maranoa,Qld,NP ,2016-05-09,reps
243237,Joe Bullock,,WA,ALP,2016-04-13,senate
XT4,Michael Ronaldson,,Vic,LIB,2016-02-28,senate
DK6,Joe Hockey,North Sydney,NSW,LIB,2015-10-23,reps
200287,Penny Wright,,SA,GRN,2015-09-10,senate
KA5,Christine Milne,,Tas,GRN,2015-08-10,senate
PK6,Don Randall,Canning,WA,LIB,2015-07-21,reps
84M,Brett Mason,,Qld,LIB,2015-04-15,senate
7G6,Kate Lundy,,ACT,ALP,2015-03-24,senate
5K4,John Faulkner,,NSW,ALP,2015-02-06,senate
00AOS,Ursula Stephens,,NSW,ALP,2014-06-30,senate
183342,Lin Thorp,,Tas,ALP,2014-06-30,senate
249499,Mehmet Tillem,,Vic,ALP,2014-06-30,senate
2L6,Mark Bishop,,WA,ALP,2014-06-30,senate
4L6,Alan Eggleston,,WA,LIB,2014-06-30,senate
7L6,John Hogg,,Qld,ALP,2014-06-30,senate
G1N,Helen Kroger,,Vic,LIB,2014-06-30,senate
H6V,Sue Boyce,,Qld,LIB,2014-06-30,senate
I0P,Mark Furner,,Qld,ALP,2014-06-30,senate
YE4,Ron Boswell,,Qld,NP ,2014-06-30,senate
83T,Kevin Rudd,Griffith,Qld,ALP,2013-11-22,reps
WX4,Bob Carr,,NSW,ALP,2013-10-24,senate
00AMU,Sophie Mirabella (formerly Panopoulos),Indi,Vic,LIB,2013-09-07,reps
0V5,Peter Slipper,Fisher,Qld,IND,2013-09-07,reps
172770,Laura Smyth,La Trobe,Vic,ALP,2013-09-07,reps
4T4,Daryl Melham,Banks,NSW,ALP,2013-09-07,reps
83D,John Murphy,Reid,NSW,ALP,2013-09-07,reps
849,Sid Sidebottom,Braddon,Tas,ALP,2013-09-07,reps
BV5,Dick Adams,Lyons,Tas,ALP,2013-09-07,reps
HVN,Yvette D'ath,Petrie,Qld,ALP,2013-09-07,reps
HVW,David Bradbury,Lindsay,NSW,ALP,2013-09-07,reps
HVY,Janelle Saffin,Page,NSW,ALP,2013-09-07,reps
HVZ,Craig Thomson,Dobell,NSW,IND,2013-09-07,reps
HW7,Darren Cheeseman,Corangamite,Vic,ALP,2013-09-07,reps
HW8,Mike Symon,Deakin,Vic,ALP,2013-09-07,reps
M38,Geoff Lyons,Bass,Tas,ALP,2013-09-07,reps
7Y6,Trish Crossin,,NT,ALP,2013-09-06,senate
KO6,Gary Humphries,,ACT,LIB,2013-09-06,senate
009LP,Tony Windsor,New England,NSW,IND,2013-08-05,reps
00AMP,Sharon Grierson,Newcastle,NSW,ALP,2013-08-05,reps
4V5,Judi Moylan,Pearce,WA,LIB,2013-08-05,reps
5V5,Stephen Smith,Perth,WA,ALP,2013-08-05,reps
83A,Kirsten Livermore,Capricornia,Qld,ALP,2013-08-05,reps
83K,Nicola Roxon,Gellibrand,Vic,ALP,2013-08-05,reps
83L,Julia Gillard,Lalor,Vic,ALP,2013-08-05,reps
83Q,Alby Schultz,Hume,NSW,LIB,2013-08-05,reps
83V,Craig Emerson,Rankin,Qld,ALP,2013-08-05,reps
83X,Steve Gibbons,Bendigo,Vic,ALP,2013-08-05,reps
848,Patrick Secker,Barker,SA,LIB,2013-08-05,reps
84F,Mal Washer,Moore,WA,LIB,2013-08-05,reps
84T,Barry Haase,Durack,WA,LIB,2013-08-05,reps
AK6,Joanna Gash,Gilmore,NSW,LIB,2013-08-05,reps
DT4,Simon Crean,Hotham,Vic,ALP,2013-08-05,reps
HH4,Harry Jenkins,Scullin,Vic,ALP,2013-08-05,reps
HV4,Peter Garrett,Kingsford Smith,NSW,ALP,2013-08-05,reps
IYS,Rob Oakeshott,Lyne,NSW,IND,2013-08-05,reps
JK6,Robert Mcclelland,Barton,NSW,ALP,2013-08-05,reps
KV5,Paul Neville,Hinkler,Qld,NP ,2013-08-05,reps
LS4,Martin Ferguson,Batman,Vic,ALP,2013-08-05,reps
M3K,Tony Crook,O'Connor,WA,NP ,2013-08-05,reps
NV5,John Forrest,Mallee,Vic,NP ,2013-08-05,reps
YW6,Greg Combet,Charlton,NSW,ALP,2013-08-05,reps
ZT4,Alexander Somlyay,Fairfax,Qld,LIB,2013-08-05,reps
AX5,Chris Evans,,WA,ALP,2013-04-12,senate
HBE,Mary Fisher,,SA,LIB,2012-08-14,senate
QD4,Bob Brown,,Tas,GRN,2012-06-15,senate
ZW4,Nick Sherry,,Tas,ALP,2012-06-01,senate
E4Q,Judith Adams,,WA,LIB,2012-03-31,senate
HES,Mark Arbib,,NSW,ALP,2012-03-05,senate
2M6,Helen Coonan,,NSW,LIB,2011-08-22,senate
00AUF,Guy Barnett,,Tas,LIB,2011-06-30,senate
656,Michael Forshaw,,NSW,ALP,2011-06-30,senate
84P,Steve Hutchins,,NSW,ALP,2011-06-30,senate
8O6,Kerry O'brien,,Tas,ALP,2011-06-30,senate
E4R,Steven Fielding,,Vic,FFP,2011-06-30,senate
E4U,Annette Hurley,,SA,ALP,2011-06-30,senate
E6A,Russell Trood,,Qld,LIB,2011-06-30,senate
E6C,Dana Wortley,,SA,ALP,2011-06-30,senate
EP5,Alan Ferguson,,SA,LIB,2011-06-30,senate
GX5,Judith Troeth,,Vic,LIB,2011-06-30,senate
JX4,Nick Minchin,,SA,LIB,2011-06-30,senate
WH4,Julian Mcgauran,,Vic,LIB,2011-06-30,senate
00AMX,Michael Johnson,Ryan,Qld,IND,2010-08-21,reps
00AN2,Sharryn Jackson,Hasluck,WA,ALP,2010-08-21,reps
BP4,Maxine Mckew,Bennelong,NSW,ALP,2010-08-21,reps
ET4,Arch Bevis,Brisbane,Qld,ALP,2010-08-21,reps
HVQ,Brett Raguse,Forde,Qld,ALP,2010-08-21,reps
HVR,Kerry Rea,Bonner,Qld,ALP,2010-08-21,reps
HVS,Jon Sullivan,Longman,Qld,ALP,2010-08-21,reps
HVU,Chris Trevor,Flynn,Qld,ALP,2010-08-21,reps
HVV,Jim Turnour,Leichhardt,Qld,ALP,2010-08-21,reps
HWD,Damian Hale,Solomon,NT,ALP,2010-08-21,reps
SJ4,Wilson Tuckey,O'Connor,WA,LIB,2010-08-21,reps
00AMO,Patrick Farmer,Macarthur,NSW,LIB,2010-07-19,reps
5I4,Robert Mcmullan,,ACT,ALP,2010-07-19,senate
5K6,Annette Ellis,Canberra,ACT,ALP,2010-07-19,reps
83B,Margaret May,McPherson,Qld,LIB,2010-07-19,reps
83O,Kay Hull,Riverina,NSW,NP ,2010-07-19,reps
83Z,Julia Irwin,Fowler,NSW,ALP,2010-07-19,reps
8H4,David Hawker,Wannon,Vic,LIB,2010-07-19,reps
8IS,Bob Debus,Macquarie,NSW,ALP,2010-07-19,reps
A8W,Chris Pearce,Aston,Vic,LIB,2010-07-19,reps
B36,Belinda Neal,,NSW,ALP,2010-07-19,senate
HK6,Peter Lindsay,Herbert,Qld,LIB,2010-07-19,reps
HM5,Petro Georgiou,Kooyong,Vic,LIB,2010-07-19,reps
HVM,James Bidgood,Dawson,Qld,ALP,2010-07-19,reps
HWC,Jodie Campbell,Bass,Tas,ALP,2010-07-19,reps
JH5,Jennie George,Throsby,NSW,ALP,2010-07-19,reps
JT4,Fran Bailey,McEwen,Vic,LIB,2010-07-19,reps
QI4,Leo Price,Chifley,NSW,ALP,2010-07-19,reps
RH4,Duncan Kerr,Denison,Tas,ALP,2010-07-19,reps
VK6,Danna Vale,Hughes,NSW,LIB,2010-07-19,reps
YU5,Lindsay Tanner,Melbourne,Vic,ALP,2010-07-19,reps
CT4,Peter Costello,Higgins,Vic,LIB,2009-10-19,reps
RW5,Brendan Nelson,Bradfield,NSW,LIB,2009-10-19,reps
9X5,Chris Ellison,,WA,LIB,2009-01-30,senate
SU5,Mark Vaile,Lyne,NSW,NP ,2008-07-30,reps
4G4,Alexander Downer,Mayo,SA,LIB,2008-07-14,reps
00AOO,Linda Kirk,,SA,ALP,2008-06-30,senate
00AOR,Kerry Nettle,,NSW,GRN,2008-06-30,senate
00AOT,Ruth Webber,,WA,ALP,2008-06-30,senate
1M6,Lyn Allison,,Vic,AD ,2008-06-30,senate
3I6,Natasha Stott Despoja,,SA,AD ,2008-06-30,senate
3M6,Andrew Murray,,WA,AD ,2008-06-30,senate
CX5,Sandy Macdonald,,NSW,NP ,2008-06-30,senate
FF4,Hedley Chapman,,SA,LIB,2008-06-30,senate
LI4,Kay Patterson,,Vic,LIB,2008-06-30,senate
NB5,George Campbell,,NSW,ALP,2008-06-30,senate
VJ4,John Watson,,Tas,LIB,2008-06-30,senate
WP6,Philip Lightfoot,,WA,LIB,2008-06-30,senate
WW4,Rod Kemp,,Vic,LIB,2008-06-30,senate
UI4,Robert Ray,,Vic,ALP,2008-05-05,senate
XH4,Peter Mcgauran,Gippsland,Vic,NP ,2008-04-09,reps
00AN4,David Tollner,Solomon,NT,LIB,2007-11-24,reps
00ANF,Kenneth Ticehurst,Dobell,NSW,LIB,2007-11-24,reps
0K6,Kerry Bartlett,Macquarie,NSW,LIB,2007-11-24,reps
84C,Cameron Thompson,Blair,Qld,LIB,2007-11-24,reps
84G,Kim Wilkie,Swan,WA,ALP,2007-11-24,reps
CK6,Gary Hardgrave,Moreton,Qld,LIB,2007-11-24,reps
DYH,Michael Ferguson,Bass,Tas,LIB,2007-11-24,reps
DYK,Mark Baker,Braddon,Tas,LIB,2007-11-24,reps
E0B,Kym Richardson,Kingston,SA,LIB,2007-11-24,reps
E0L,Stuart Henry,Hasluck,WA,LIB,2007-11-24,reps
FK6,De-anne Kelly,Dawson,Qld,NP ,2007-11-24,reps
IK6,Jim Lloyd,Robertson,NSW,LIB,2007-11-24,reps
OK6,Gary Nairn,Eden-Monaro,NSW,LIB,2007-11-24,reps
VH4,Fergus Mcarthur,Corangamite,Vic,LIB,2007-11-24,reps
WU5,Gavan O'connor,Corio,Vic,IND,2007-11-24,reps
ZD4,John Howard,Bennelong,NSW,LIB,2007-11-24,reps
ZJ6,Phillip Barresi,Deakin,Vic,LIB,2007-11-24,reps
009CW,Ann Corcoran,Isaacs,Vic,ALP,2007-10-17,reps
0L6,Trish Draper,Makin,SA,LIB,2007-10-17,reps
3J4,Rodney Sawford,Port Adelaide,SA,ALP,2007-10-17,reps
4K4,John Anderson,Gwydir,NSW,NP ,2007-10-17,reps
4K6,Ian Causley,Page,NSW,NP ,2007-10-17,reps
6K6,Kay Elson,Forde,Qld,LIB,2007-10-17,reps
83R,Graham Edwards,Cowan,WA,ALP,2007-10-17,reps
83Y,Kelly Hoare,Charlton,NSW,ALP,2007-10-17,reps
AV5,Harry Quick,Franklin,Tas,IND,2007-10-17,reps
GK6,Jackie Kelly,Lindsay,NSW,LIB,2007-10-17,reps
HV5,Barry Wakelin,Grey,SA,LIB,2007-10-17,reps
KL6,Peter Andren,Calare,NSW,IND,2007-10-17,reps
LN6,Michael Hatton,Blaxland,NSW,ALP,2007-10-17,reps
MH4,David Jull,Fadden,Qld,LIB,2007-10-17,reps
MP6,Bruce Baird,Cook,NSW,LIB,2007-10-17,reps
PE4,Kim Beazley,Brand,WA,ALP,2007-10-17,reps
QK6,Bob Sercombe,Maribyrnong,Vic,ALP,2007-10-17,reps
RI4,Geoff Prosser,Forrest,WA,LIB,2007-10-17,reps
SD4,Alan Cadman,Mitchell,NSW,LIB,2007-10-17,reps
XS4,Carmen Lawrence,Fremantle,WA,ALP,2007-10-17,reps
5F4,Paul Calvert,,Tas,LIB,2007-08-29,senate
H15,Ian Campbell,,WA,LIB,2007-05-31,senate
7E4,Amanda Vanstone,,SA,LIB,2007-04-26,senate
BOT,Santo Santoro,,Qld,LIB,2007-04-11,senate
5L6,Jeannie Ferris,,SA,LIB,2007-04-02,senate
BH4,Robert Hill,,SA,LIB,2006-03-15,senate
9L6,Sue Mackay,,Tas,ALP,2005-07-29,senate
009D2,Geoffrey Buckland,,SA,ALP,2005-06-30,senate
00A9C,John Cherry,,Qld,AD ,2005-06-30,senate
6H4,Brian Harradine,,Tas,TISBHG,2005-06-30,senate
86X,Brian Greig,,WA,AD ,2005-06-30,senate
86Y,Tsebin Tchen,,Vic,LIB,2005-06-30,senate
8G6,Aden Ridgeway,,NSW,AD ,2005-06-30,senate
8HC,Len Harris,,Qld,PHON,2005-06-30,senate
8U4,Meg Lees,,SA,APA ,2005-06-30,senate
FX5,Shayne Murphy,,Tas,IND,2005-06-30,senate
FY5,Kay Denman,,Tas,ALP,2005-06-30,senate
RF4,Peter Cook,,WA,ALP,2005-06-30,senate
TH4,Susan Knowles,,WA,LIB,2005-06-30,senate
XE4,Nick Bolkus,,SA,ALP,2005-06-30,senate
O15,John Tierney,,NSW,LIB,2005-04-14,senate
K26,Mark Latham,Werriwa,NSW,ALP,2005-01-21,reps
00AMQ,Peter King,Wentworth,NSW,IND,2004-10-09,reps
3K6,Ross Cameron,Parramatta,NSW,LIB,2004-10-09,reps
6J4,Concetto Sciacca,Bowman,Qld,ALP,2004-10-09,reps
83C,Jann Mcfarlane,Stirling,WA,ALP,2004-10-09,reps
83U,David Cox,Kingston,SA,ALP,2004-10-09,reps
84H,Christian Zahra,McMillan,Vic,ALP,2004-10-09,reps
84S,Michelle O'byrne,Bass,Tas,ALP,2004-10-09,reps
8V5,Trish Worth,Adelaide,SA,LIB,2004-10-09,reps
BNL,Michael Organ,Cunningham,NSW,GRN,2004-10-09,reps
N36,Martyn Evans,Bonython,SA,ALP,2004-10-09,reps
XJ6,Larry Anthony,Richmond,NSW,NP ,2004-10-09,reps
4I4,Leo Mcleay,Watson,NSW,ALP,2004-08-31,reps
5T4,Laurie Brereton,Kingsford Smith,NSW,ALP,2004-08-31,reps
7T4,Janice Crosio,Prospect,NSW,ALP,2004-08-31,reps
7V5,Daryl Williams,Tangney,WA,LIB,2004-08-31,reps
BT4,David Kemp,Goldstein,Vic,LIB,2004-08-31,reps
CU4,Christine Gallus,Hindmarsh,SA,LIB,2004-08-31,reps
HE4,Neil Andrew,Wakefield,SA,LIB,2004-08-31,reps
MK6,Frank Mossfield,Greenway,NSW,ALP,2004-08-31,reps
OT4,Bob Charles,La Trobe,Vic,LIB,2004-08-31,reps
LD4,Richard Alston,,Vic,LIB,2004-02-10,senate
VI4,Margaret Reid,,ACT,LIB,2003-02-14,senate
VW4,John Herron,,Qld,LIB,2002-09-05,senate
8I4,Stephen Martin,Cunningham,NSW,ALP,2002-08-16,reps
1I4,Jim Mckiernan,,WA,ALP,2002-06-30,senate
1X4,Sue West,,NSW,ALP,2002-06-30,senate
4J4,Chris Schacht,,SA,ALP,2002-06-30,senate
6L6,Brenda Gibbs,,Qld,ALP,2002-06-30,senate
SF4,Barney Cooney,,Vic,ALP,2002-06-30,senate
TW4,Vicki Bourne,,NSW,AD ,2002-06-30,senate
UW4,Arthur Crane,,WA,LIB,2002-06-30,senate
ZF4,Rosemary Crowley,,SA,ALP,2002-06-30,senate
BX5,Brian Gibson,,Tas,LIB,2002-02-22,senate
BE4,Jocelyn Newman,,Tas,LIB,2002-02-01,senate
83W,Jane Gerick,Canning,WA,ALP,2001-11-10,reps
84B,Stuart St Clair,New England,NSW,NPA,2001-11-10,reps
9V8,Leonie Short,Ryan,Qld,ALP,2001-11-10,reps
MG4,Michael Lee,Dobell,NSW,ALP,2001-11-10,reps
QJ4,Andrew Theophanous,Calwell,Vic,IND,2001-11-10,reps
UU5,Bob Horne,Paterson,NSW,ALP,2001-11-10,reps
XW4,Cheryl Kernot,,Qld,ALP,2001-11-10,senate
6E4,Grant Tambling,,NT,NPA,2001-11-09,senate
3E4,Kathy Sullivan,,Qld,LIB,2001-10-08,senate
834,Tony Lawler,Parkes,NSW,NPA,2001-10-08,reps
8E4,Michael Wooldridge,Casey,Vic,LIB,2001-10-08,reps
AE4,Garry Nehl,Cowper,NSW,NPA,2001-10-08,reps
CE4,Neil O'keefe,Burke,Vic,ALP,2001-10-08,reps
DG4,Tim Fischer,Farrer,NSW,NPA,2001-10-08,reps
DH4,Colin Hollis,Throsby,NSW,ALP,2001-10-08,reps
FB6,Andrew Thomson,Wentworth,NSW,LIB,2001-10-08,reps
FI4,Allan Morris,Newcastle,NSW,ALP,2001-10-08,reps
HQ5,John Fahey,Macarthur,NSW,LIB,2001-10-08,reps
WI4,Peter Reith,Flinders,Vic,LIB,2001-10-08,reps
XU5,Lou Lieberman,Indi,Vic,LIB,2001-10-08,reps
HX5,John Woodley,,Qld,AD ,2001-07-27,senate
UT4,Peter Nugent,Aston,Vic,LIB,2001-04-24,reps
EI4,John Moore,Ryan,Qld,LIB,2001-02-05,reps
ZS6,John Quirke,,SA,ALP,2000-08-15,senate
YK6,Gregory Wilton,Isaacs,Vic,ALP,2000-06-14,reps
RD4,David Brownhill,,NSW,NPA,2000-04-14,senate
KI4,Warwick Parer,,Qld,LIB,2000-02-11,senate
VD4,Gareth Evans,,Vic,ALP,1999-09-30,senate
DX5,Dee Margetts,,WA,GRN,1999-06-30,senate
EU4,Bill O'chee,,Qld,NPA,1999-06-30,senate
FQ6,Karen Synon,,Vic,LIB,1999-06-30,senate
PF4,Mal Colston,,Qld,IND,1999-06-30,senate
XI4,Margaret Reynolds,,Qld,ALP,1999-06-30,senate
YH4,David Macgibbon,,Qld,LIB,1999-06-30,senate
3V5,Richard Evans,Cowan,WA,LIB,1998-10-03,reps
5M6,Nick Dondas,Northern Territory,NT,LIB,1998-10-03,reps
6V5,Eoin Cameron,Stirling,WA,LIB,1998-10-03,reps
BI4,Christopher Miles,Braddon,Tas,LIB,1998-10-03,reps
CF4,Graeme Campbell,Kalgoorlie,WA,IND,1998-10-03,reps
EK6,Susan Jeanes,Kingston,SA,LIB,1998-10-03,reps
GJ4,Warwick Smith,Bass,Tas,LIB,1998-10-03,reps
KK6,Graeme Mcdougall,Griffith,Qld,LIB,1998-10-03,reps
LK6,Paul Marek,Capricornia,Qld,NPA,1998-10-03,reps
ML6,Elizabeth Grace,Lilley,Qld,LIB,1998-10-03,reps
NL6,Ricky Johnston,Canning,WA,LIB,1998-10-03,reps
QT4,Paul Filing,Moore,WA,IND,1998-10-03,reps
SK6,Tony Smith,Dickson,Qld,IND,1998-10-03,reps
XK6,Andrea West,Bowman,Qld,LIB,1998-10-03,reps
ZI4,Allan Rocher,,WA,IND,1998-10-03,senate
ZK6,Paul Zammit,Lowe,NSW,IND,1998-10-03,reps
3H4,Robert Halverson,Casey,Vic,LIB,1998-08-31,reps
5A5,Bob Brown,Charlton,NSW,ALP,1998-08-31,reps
5E4,Ian Sinclair,New England,NSW,NPA,1998-08-31,reps
AH4,Noel Hicks,Riverina,NSW,NPA,1998-08-31,reps
AJ4,John Sharp,Hume,NSW,NPA,1998-08-31,reps
CH4,Clyde Holding,Melbourne Ports,Vic,ALP,1998-08-31,reps
FT4,John Bradford,McPherson,Qld,CDP ,1998-08-31,reps
HI4,Peter Morris,Shortland,NSW,ALP,1998-08-31,reps
HT4,Ian Mclachlan,Barker,SA,LIB,1998-08-31,reps
KH4,Barry Jones,Lalor,Vic,ALP,1998-08-31,reps
KP6,Steven Dargavel,Fraser,ACT,ALP,1998-08-31,reps
MD4,Peter Baldwin,Sydney,NSW,ALP,1998-08-31,reps
MF4,Michael Cobb,Parkes,NSW,NPA,1998-08-31,reps
NK6,Stephen Mutch,Cook,NSW,LIB,1998-08-31,reps
OJ4,Bill Taylor,Groom,Qld,LIB,1998-08-31,reps
QE4,David Beddall,Rankin,Qld,ALP,1998-08-31,reps
VT4,Nicholas Reid,Bendigo,Vic,LIB,1998-08-31,reps
ZG4,Edward Grace,Fowler,NSW,ALP,1998-08-31,reps
ZJ4,Ralph Willis,Gellibrand,Vic,ALP,1998-08-31,reps
OF4,Bob Collins,,NT,ALP,1998-03-30,senate
GG4,Dominic Foreman,,SA,ALP,1997-09-15,senate
IF4,Bruce Childs,,NSW,ALP,1997-09-10,senate
DJ4,Jim Short,,Vic,LIB,1997-05-12,senate
1K4,Bob Woods,,NSW,LIB,1997-03-07,senate
JI4,John Panizza,,WA,LIB,1997-01-31,senate
KG4,John Langmore,Fraser,ACT,ALP,1996-12-06,reps
LE4,Michael Baume,,NSW,LIB,1996-09-09,senate
LF4,John Coates,,Tas,ALP,1996-08-20,senate
0X4,Sid Spindler,,Vic,AD ,1996-06-30,senate
2F4,Bryant Burns,,Qld,ALP,1996-06-30,senate
7U4,Robert Bell,,Tas,AD ,1996-06-30,senate
LH4,Gerry Jones,,Qld,ALP,1996-06-30,senate
NE4,Michael Beahan,,WA,ALP,1996-06-30,senate
PJ4,Baden Teague,,SA,LIB,1996-06-30,senate
RC6,Tom Wheelwright,,NSW,ALP,1996-06-30,senate
SN5,Christabel Chamarette,,WA,GRN,1996-06-30,senate
XF4,Noel Crichton-browne,,WA,IND LIB,1996-06-30,senate
NH4,Paul Keating,Blaxland,NSW,ALP,1996-04-23,reps
0G4,Barry Cunningham,McMillan,Vic,ALP,1996-03-02,reps
0U4,Harry Woods,Page,NSW,ALP,1996-03-02,reps
5B6,Brendan Smyth,Canberra,ACT,LIB,1996-03-02,reps
6T4,Robert Elliott,Parramatta,NSW,ALP,1996-03-02,reps
7G4,Peter Duncan,Makin,SA,ALP,1996-03-02,reps
8J4,Leslie Scott,Oxley,Qld,ALP,1996-03-02,reps
9T4,Frank Walker,Robertson,NSW,ALP,1996-03-02,reps
9U4,Neville Newell,Richmond,NSW,ALP,1996-03-02,reps
BO5,Philip Cleary,Wills,Vic,IND,1996-03-02,reps
EV5,Peter Dodd,Leichhardt,Qld,ALP,1996-03-02,reps
GV5,Peter Knott,Gilmore,NSW,ALP,1996-03-02,reps
HG4,Ross Free,Lindsay,NSW,ALP,1996-03-02,reps
HJ4,James Snow,Eden-Monaro,NSW,ALP,1996-03-02,reps
JF4,Bob Chynoweth,Dunkley,Vic,ALP,1996-03-02,reps
JH4,Gary Johns,Petrie,Qld,ALP,1996-03-02,reps
JMI,Rodney Atkinson,Isaacs,Vic,LIB,1996-03-02,reps
JV5,Silvia Smith,Bass,Tas,ALP,1996-03-02,reps
KF4,Peter Cleeland,McEwen,Vic,ALP,1996-03-02,reps
LG4,Michael Lavarch,Dickson,Qld,ALP,1996-03-02,reps
LV5,Maggie Deahm,Macquarie,NSW,ALP,1996-03-02,reps
OE4,Julian Beale,Bruce,Vic,LIB,1996-03-02,reps
OG4,Eamon Lindsay,Herbert,Qld,ALP,1996-03-02,reps
QG4,George Gear,Canning,WA,ALP,1996-03-02,reps
RE4,Gordon Bilney,Kingston,SA,ALP,1996-03-02,reps
RJ4,Robert Tickner,Hughes,NSW,ALP,1996-03-02,reps
RU5,Mary Easson,Lowe,NSW,ALP,1996-03-02,reps
ST4,Garrie Gibson,Moreton,Qld,ALP,1996-03-02,reps
WF4,Mary Crawford,Forde,Qld,ALP,1996-03-02,reps
ZU5,Marjorie Henzell,Capricornia,Qld,ALP,1996-03-02,reps
1G4,John Devereux,,Tas,IND,1996-02-07,senate
0F4,Ray Braithwaite,Dawson,Qld,NPA,1996-01-29,reps
0H4,Alan Griffiths,Maribyrnong,Vic,ALP,1996-01-29,reps
2E4,Bruce Lloyd,Murray,Vic,NPA,1996-01-29,reps
2H4,Steele Hall,,SA,LIB,1996-01-29,senate
3G4,James Dobie,Cook,NSW,LIB,1996-01-29,reps
6G4,Michael Duffy,Holt,Vic,ALP,1996-01-29,reps
AT4,Ted Mack,North Sydney,NSW,IND,1996-01-29,reps
EH4,Brian Howe,Batman,Vic,ALP,1996-01-29,reps
FG4,Eric Fitzgibbon,Hunter,NSW,ALP,1996-01-29,reps
FH4,Benjamin Humphreys,Griffith,Qld,ALP,1996-01-29,reps
FJ4,David Simmons,Calare,NSW,ALP,1996-01-29,reps
KD4,Kenneth Aldred,Deakin,Vic,LIB,1996-01-29,reps
KJ4,Peter Staples,Jagajaga,Vic,ALP,1996-01-29,reps
QF4,David Connolly,Bradfield,NSW,LIB,1996-01-29,reps
SI4,Gary Punch,Barton,NSW,ALP,1996-01-29,reps
TU5,Christopher Haviland,Macarthur,NSW,ALP,1996-01-29,reps
WD4,Wendy Fatin,Brand,WA,ALP,1996-01-29,reps
YG4,Russell Gorman,Greenway,NSW,ALP,1996-01-29,reps
ZH4,Jeannette Mchugh,Grayndler,NSW,ALP,1996-01-29,reps
TF4,John Coulter,,SA,AD ,1995-11-20,senate
BS4,Stephen Loosley,,NSW,ALP,1995-05-21,senate
FE4,Alice Zakharov,,Vic,ALP,1995-03-06,senate
9H4,John Hewson,Wentworth,NSW,LIB,1995-02-28,reps
OH4,Roslyn Kelly,Canberra,ACT,ALP,1995-01-30,reps
MI4,Andrew Peacock,Kooyong,Vic,LIB,1994-09-17,reps
4E4,Graham Richardson,,NSW,ALP,1994-03-25,senate
0I4,Michael Mackellar,Warringah,NSW,LIB,1994-02-18,reps
VE4,Neal Blewett,Bonython,SA,ALP,1994-02-11,reps
9E4,John Dawkins,Fremantle,WA,ALP,1994-02-04,reps
EJ4,Kerry Sibraa,,NSW,ALP,1994-02-01,senate
IE4,Brian Archer,,Tas,LIB,1994-01-31,senate
DF4,Jim Carlton,Mackellar,NSW,LIB,1994-01-14,reps
QH4,John Kerin,Werriwa,NSW,ALP,1993-12-22,reps
NJ4,Michael Tate,,Tas,ALP,1993-07-05,senate
7I4,Graham Maguire,,SA,ALP,1993-06-30,senate
8G4,Peter Durack,,WA,LIB,1993-06-30,senate
JE4,Terrence Aulich,,Tas,ALP,1993-06-30,senate
ND4,Florence Bjelke-petersen,,Qld,NPA,1993-06-30,senate
NG4,Austin Lewis,,Vic,LIB,1993-06-30,senate
OI4,Janet Powell,,Vic,IND,1993-06-30,senate
TJ4,Peter Walsh,,WA,ALP,1993-06-30,senate
UJ4,Shirley Walters,,Tas,LIB,1993-06-30,senate
VC5,Karin Sowada,,NSW,AD ,1993-06-30,senate
XG4,Patricia Giles,,WA,ALP,1993-06-30,senate
4F4,John Button,,Vic,ALP,1993-03-31,senate
0E4,Carolyn Jakobsen,Cowan,WA,ALP,1993-03-13,reps
2K4,Keith Wright,Capricornia,Qld,IND,1993-03-13,reps
AG4,Ronald Edwards,Stirling,WA,ALP,1993-03-13,reps
NT4,Bob Catley,Adelaide,SA,ALP,1993-03-13,reps
RT4,Frank Ford,Dunkley,Vic,LIB,1993-03-13,reps
TT4,Rob Hulls,Kennedy,Qld,ALP,1993-03-13,reps
UF4,Brian Courtice,Hinkler,Qld,ALP,1993-03-13,reps
WJ4,Alasdair Webster,Macquarie,NSW,LIB,1993-03-13,reps
WT4,John Riggall,McMillan,Vic,LIB,1993-03-13,reps
0K4,Ian Wilson,Sturt,SA,LIB,1993-02-08,reps
3F4,Maxwell Burr,Lyons,Tas,LIB,1993-02-08,reps
5G4,Stephen Dubois,St George,NSW,ALP,1993-02-08,reps
5H4,Gerry Hand,Melbourne,Vic,ALP,1993-02-08,reps
5J4,Gordon Scholes,Corio,Vic,ALP,1993-02-08,reps
7J4,John Scott,Hindmarsh,SA,ALP,1993-02-08,reps
9G4,Harry Edwards,Berowra,NSW,LIB,1993-02-08,reps
9J4,Peter Shack,Tangney,WA,LIB,1993-02-08,reps
AF4,Ewen Cameron,Indi,Vic,LIB,1993-02-08,reps
CG4,Wal Fife,Hume,NSW,LIB,1993-02-08,reps
DE4,Lloyd O'neil,Grey,SA,ALP,1993-02-08,reps
EF4,Frederick Chaney,,WA,LIB,1993-02-08,senate
EG4,Peter Fisher,Mallee,Vic,NPA,1993-02-08,reps
PG4,John Gayler,Leichhardt,Qld,ALP,1993-02-08,reps
TD4,Richard Charlesworth,Perth,WA,ALP,1993-02-08,reps
UD4,Elaine Darling,Lilley,Qld,ALP,1993-02-08,reps
VF4,David Cowan,Lyne,NSW,NPA,1993-02-08,reps
XD4,Bruce Goodluck,Franklin,Tas,LIB,1993-02-08,reps
XJ4,Stewart West,Cunningham,NSW,ALP,1993-02-08,reps
DU4,John Olsen,,SA,LIB,1992-05-04,senate
YD4,Robert Hawke,Wills,Vic,ALP,1992-02-20,reps
IG4,Josephine Vallentine,,WA,GRN,1992-01-31,senate
3I4,Paul Mclean,,NSW,AD ,1991-08-23,senate
PD4,Neil Brown,Menzies,Vic,LIB,1991-02-25,reps
ME4,Peter Baume,,NSW,LIB,1991-01-28,senate
2I4,Michael Macklin,,Qld,AD ,1990-06-30,senate
3K4,Irina Dunn,,NSW,IND,1990-06-30,senate
4H4,David Hamer,,Vic,LIB,1990-06-30,senate
BJ4,Glenister Sheil,,Qld,NPA,1990-06-30,senate
GI4,John Morris,,NSW,ALP,1990-06-30,senate
IH4,Jean Jenkins,,WA,AD ,1990-06-30,senate
JUI,Arthur Devlin,,Tas,ALP,1990-06-30,senate
TE4,John Black,,Qld,ALP,1990-06-30,senate
TI4,Chris Puplick,,NSW,LIB,1990-06-30,senate
9I4,Tony Messner,,SA,LIB,1990-04-17,senate
1F4,John Brumby,Bendigo,Vic,ALP,1990-03-24,reps
2J4,John Saunderson,Aston,Vic,ALP,1990-03-24,reps
7H4,Elizabeth Harvey,Hawker,SA,ALP,1990-03-24,reps
9F4,Donald Cameron,Moreton,Qld,LIB,1990-03-24,reps
AI4,John Mildren,Ballarat,Vic,ALP,1990-03-24,reps
DI4,Peter Milton,La Trobe,Vic,ALP,1990-03-24,reps
JG4,Antony Lamb,Streeton,Vic,ALP,1990-03-24,reps
JJ4,John Spender,North Sydney,NSW,LIB,1990-03-24,reps
PH4,Lewis Kent,Hotham,Vic,ALP,1990-03-24,reps
PI4,Michael Pratt,Adelaide,SA,LIB,1990-03-24,reps
UE4,Cecil Blanchard,Moore,WA,ALP,1990-03-24,reps
WE4,Charles Blunt,Richmond,NSW,NPA,1990-03-24,reps
YI4,Ian Robinson,Page,NSW,NPA,1990-03-24,reps
1H4,Janine Haines,,SA,AD ,1990-03-01,senate
1J4,Norman Sanders,,Tas,AD ,1990-03-01,senate
LJ4,John Stone,,Qld,NPA,1990-03-01,senate
1V5,Robert Katter,Kennedy,Qld,NPA,1990-02-19,reps
6I4,Ian Macphee,Goldstein,Vic,LIB,1990-02-19,reps
BF4,Ian Cameron,Maranoa,Qld,NPA,1990-02-19,reps
CI4,Clarrie Millar,Wide Bay,Qld,NPA,1990-02-19,reps
CJ4,Roger Shipton,Higgins,Vic,LIB,1990-02-19,reps
EE4,Tom Uren,Reid,NSW,ALP,1990-02-19,reps
GF4,David Charles,Isaacs,Vic,ALP,1990-02-19,reps
HF4,Joan Child,Henty,Vic,ALP,1990-02-19,reps
ID4,Albert Adermann,Fairfax,Qld,NPA,1990-02-19,reps
JVD,John Mountford,Banks,NSW,ALP,1990-02-19,reps
NF4,Barry Cohen,Robertson,NSW,ALP,1990-02-19,reps
NI4,James Porter,Barker,SA,LIB,1990-02-19,reps
OD4,John Brown,Parramatta,NSW,ALP,1990-02-19,reps
SH4,Richard Klugman,Prospect,NSW,ALP,1990-02-19,reps
YF4,Manfred Cross,Brisbane,Qld,ALP,1990-02-19,reps
YJ4,Peter White,McPherson,Qld,LIB,1990-02-19,reps
ZE4,Lionel Bowen,Kingsford Smith,NSW,ALP,1990-02-19,reps
RG4,Arthur Gietzelt,,NSW,ALP,1989-02-27,senate
GH4,Ralph Hunt,Gwydir,NSW,NPA,1989-02-24,reps
RK4,William Hayden,Oxley,Qld,ALP,1988-08-17,reps
KBS,William Wood,,NSW,NDP ,1988-05-12,senate
JUS,Tom Mcveigh,Groom,Qld,NPA,1988-02-29,reps
EV4,Michael Young,Port Adelaide,SA,ALP,1988-02-08,reps
GD5,Susan Ryan,,ACT,ALP,1988-01-29,senate
AV4,Chris Hurford,Adelaide,SA,ALP,1987-12-31,reps
00ATA,John Hodges,Petrie,Qld,LIB,1987-07-11,reps
BV4,Michael Hodgman,Denison,Tas,LIB,1987-07-11,reps
GP4,Michael Maher,Lowe,NSW,ALP,1987-07-11,reps
K17,Bryan Conquest,Hinkler,Qld,NPA,1987-07-11,reps
KAO,David Watson,Forde,Qld,LIB,1987-07-11,reps
KOH,Helen Mayer,Chisholm,Vic,ALP,1987-07-11,reps
2U4,John Carrick,,NSW,LIB,1987-06-05,senate
4V4,Peter Coleman,Wentworth,NSW,LIB,1987-06-05,reps
5V4,Ruth Coleman,,WA,ALP,1987-06-05,senate
7R5,Paul Everingham,Northern Territory,NT,LIB,1987-06-05,reps
7V4,George Georges,,Qld,IND,1987-06-05,senate
C7D,Margaret Guilfoyle,,Vic,LIB,1987-06-05,senate
CV4,Ralph Jacobi,Hawker,SA,ALP,1987-06-05,reps
DV4,Reginald Withers,,WA,LIB,1987-06-05,senate
EVL,John Siddons,,Vic,UNITE AP,1987-06-05,senate
JYI,Ronald Elstob,,SA,ALP,1987-06-05,senate
K2U,Edward Robertson,,NT,ALP,1987-06-05,senate
K7H,Stanley Collard,,Qld,NPA,1987-06-05,senate
K8R,Michael Townley,,Tas,LIB,1987-06-05,senate
KA8,David Vigor,,SA,AD ,1987-06-05,senate
KCT,Peter Drummond,Forrest,WA,LIB,1987-06-05,reps
KEI,Leonard Keogh,Bowman,Qld,ALP,1987-06-05,reps
KKD,Donald Jessop,,SA,LIB,1987-06-05,senate
KPO,Bernard Kilgariff,,NT,LIB,1987-06-05,senate
KTJ,Gordon Mcintosh,,WA,ALP,1987-06-05,senate
L8O,Colin Mason,,NSW,AD ,1987-06-05,senate
9V4,Donald Grimes,,Tas,ALP,1987-04-02,senate
KTA,Douglas Mcclelland,,NSW,ALP,1987-01-23,senate
3V4,Don Chipp,,Vic,AD ,1986-08-18,senate
KUU,Alan Missen,,Vic,LIB,1986-03-30,senate
CAK,Peter Rae,,Tas,LIB,1986-01-16,senate
DRW,Henry Jenkins,Scullin,Vic,ALP,1985-12-20,reps
JYL,Jack Evans,,WA,AD ,1985-06-30,senate
K1M,Cyril Primmer,,Vic,ALP,1985-06-30,senate
K5H,Douglas Scott,,NSW,NPA,1985-06-30,senate
KOM,Jean Hearn,,Tas,ALP,1985-06-30,senate
KQD,Milivoj Lajovic,,NSW,LIB,1985-06-30,senate
1B6,Deane Wells,Petrie,Qld,ALP,1984-12-01,reps
KIK,Stephen Lusher,Hume,NSW,NPA,1984-12-01,reps
KYP,John Reeves,Northern Territory,NT,ALP,1984-12-01,reps
PI5,Alan Steedman,Casey,Vic,ALP,1984-12-01,reps
009DB,William Morrison,St George,NSW,ALP,1984-10-26,reps
JVV,Kevin Newman,Bass,Tas,LIB,1984-10-26,reps
JXQ,Kenneth Fry,Fraser,ACT,ALP,1984-10-26,reps
K5A,Frank O'keefe,Paterson,NSW,NPA,1984-10-26,reps
KDP,Douglas Everingham,Capricornia,Qld,ALP,1984-10-26,reps
QK5,Raymond Groom,Braddon,Tas,LIB,1984-10-26,reps
BU4,John Anthony,Richmond,NSW,NPA,1984-01-18,reps
KVM,Anthony Street,Corangamite,Vic,LIB,1984-01-18,reps
K9M,Leslie Johnson,Hughes,NSW,ALP,1983-12-19,reps
4U4,Denis Killen,Moreton,Qld,LIB,1983-08-15,reps
DQF,Billy Snedden,Bruce,Vic,LIB,1983-04-21,reps
QS4,Malcolm Fraser,Wannon,Vic,LIB,1983-03-31,reps
0V4,Neville Bonner,,Qld,IND,1983-03-05,senate
9W4,John Hyde,Moore,WA,LIB,1983-03-05,reps
EE6,Ian Viner,Stirling,WA,LIB,1983-03-05,reps
JPG,Reginald Birney,Phillip,NSW,LIB,1983-03-05,reps
JRD,John Bourchier,Bendigo,Vic,LIB,1983-03-05,reps
JRU,James Bradfield,Barton,NSW,LIB,1983-03-05,reps
JT9,Melville Bungey,Canning,WA,LIB,1983-03-05,reps
K8H,Andrew Thomas,,WA,LIB,1983-03-05,senate
KCE,Arthur Dean,Herbert,Qld,LIB,1983-03-05,reps
KEO,Peter Falconer,Casey,Vic,LIB,1983-03-05,reps
KJU,Alan Jarman,Deakin,Vic,LIB,1983-03-05,reps
KKT,Alexander Mackenzie,Calare,NSW,NPA,1983-03-05,reps
KNA,John Martyr,,WA,LIB,1983-03-05,senate
KNK,Graham Harris,Chisholm,Vic,LIB,1983-03-05,reps
KRR,Ross Mclean,Perth,WA,LIB,1983-03-05,reps
KVY,David Thomson,Leichhardt,Qld,NPA,1983-03-05,reps
L0J,Murray Sainsbury,Eden-Monaro,NSW,LIB,1983-03-05,reps
009OD,Peter Nixon,Gippsland,Vic,NPA,1983-02-04,reps
JM9,John Armitage,Chifley,NSW,ALP,1983-02-04,reps
JNG,Moses Cass,Maribyrnong,Vic,ALP,1983-02-04,reps
KB8,Geoffrey Giles,Wakefield,SA,LIB,1983-02-04,reps
KBY,Harold Young,,SA,LIB,1983-02-04,senate
KDV,Charles Jones,Newcastle,NSW,ALP,1983-02-04,reps
KJA,Urquhart Innes,Melbourne,Vic,ALP,1983-02-04,reps
KPG,James Keeffe,,Qld,ALP,1983-02-04,senate
KSF,Les Mcmahon,Sydney,NSW,ALP,1983-02-04,reps
KTZ,Geoffrey Mclaren,,SA,ALP,1983-02-04,senate
KVK,James Mulvihill,,NSW,ALP,1983-02-04,senate
KWZ,Laurie Wallis,Grey,SA,ALP,1983-02-04,reps
KIM,Phillip Lynch,Flinders,Vic,LIB,1982-10-22,reps
009MA,Billy Mcmahon,Lowe,NSW,LIB,1982-01-04,reps
CJO,John Wheeldon,,WA,ALP,1981-06-30,senate
JTT,Gordon Davidson,,SA,LIB,1981-06-30,senate
JXG,Laurence Neal,,Vic,NCP ,1981-06-30,senate
JYA,Justin O'byrne,,Tas,ALP,1981-06-30,senate
K1Y,Reginald Bishop,,SA,ALP,1981-06-30,senate
K69,Peter Sim,,WA,LIB,1981-06-30,senate
K6F,James Cavanagh,,SA,ALP,1981-06-30,senate
KQN,Condor Laucke,,SA,LIB,1981-06-30,senate
KSW,Charles Maunsell,,Qld,NCP ,1981-06-30,senate
KSY,Ronald Mcauliffe,,Qld,ALP,1981-06-30,senate
KUJ,Jean Melzer,,Vic,ALP,1981-06-30,senate
KPV,John Knight,,ACT,LIB,1981-03-04,senate
YF6,Robert Ellicott,Wentworth,NSW,LIB,1981-02-17,reps
K9L,Ransley Garland,Curtin,WA,LIB,1981-01-22,reps
KSB,John Mcleay,Boothby,SA,LIB,1981-01-22,reps
KZL,Eric Robinson,McPherson,Qld,LIB,1981-01-07,reps
JNO,Marshall Baillieu,La Trobe,Vic,LIB,1980-10-18,reps
JTM,William Burns,Isaacs,Vic,LIB,1980-10-18,reps
JTS,Kevin Cairns,Lilley,Qld,LIB,1980-10-18,reps
JVS,Maurice Neil,St George,NSW,LIB,1980-10-18,reps
K6U,John Cotter,Kalgoorlie,WA,LIB,1980-10-18,reps
K9O,Peter Johnson,Brisbane,Qld,LIB,1980-10-18,reps
K9V,James Johnston,Hotham,Vic,LIB,1980-10-18,reps
KBE,Reginald Gillard,Macquarie,NSW,LIB,1980-10-18,reps
KOB,John Haslem,Canberra,ACT,LIB,1980-10-18,reps
KRM,Barry Simon,McMillan,Vic,LIB,1980-10-18,reps
L1V,William Yates,Holt,Vic,LIB,1980-10-18,reps
ISW,Kenneth Wriedt,,Tas,ALP,1980-09-25,senate
2V4,Clyde Cameron,Hindmarsh,SA,ALP,1980-09-19,reps
GY5,Anthony Staley,Chisholm,Vic,LIB,1980-09-19,reps
JSU,Gordon Bryant,Wills,Vic,ALP,1980-09-19,reps
JTW,Stephen Calder,Northern Territory,NT,NCP ,1980-09-19,reps
K5O,James Corbett,Maranoa,Qld,NCP ,1980-09-19,reps
K9J,Leonard Johnson,Burke,Vic,ALP,1980-09-19,reps
KCQ,Bruce Graham,North Sydney,NSW,LIB,1980-09-19,reps
KFB,John Fitzpatrick,Riverina,NSW,ALP,1980-09-19,reps
KIH,Philip Lucock,Lyne,NSW,NCP ,1980-09-19,reps
KJO,Albert James,Hunter,NSW,ALP,1980-09-19,reps
KN9,Vincent Martin,Banks,NSW,ALP,1980-09-19,reps
KAS,James Webster,,Vic,NCP ,1980-01-28,senate
